{"shortWordsMethodEn":{"an":0.0029291154071470417,"apple":0.006444053895723492,"is":0.018746338605741066,"a":0.026362038664323375,"juicy":0.0023432923257176333,"fruit":0.009373169302870533,"of":0.043350908025776215,"the":0.06795547744581136,"tree":0.004100761570005858,"which":0.005272407732864675,"fresh":0.0017574692442882249,"or":0.007029876977152899,"and":0.04510837727006444,"used":0.0029291154071470417,"as":0.012888107791446984,"in":0.019332161687170474,"for":0.008201523140011716,"most":0.0023432923257176333,"size":0.0017574692442882249,"red":0.0035149384885764497,"green":0.0023432923257176333,"":0.018746338605741066,"cm":0.0029291154071470417,"it":0.004100761570005858,"from":0.008201523140011716,"are":0.015817223198594025,"many":0.0029291154071470417,"this":0.0046865846514352666,"to":0.018746338605741066,"by":0.0029291154071470417,"word":0.0035149384885764497,"old":0.0017574692442882249,"with":0.007615700058582308,"stem":0.0029291154071470417,"musa":0.0035149384885764497,"these":0.0023432923257176333,"well":0.0029291154071470417,"can":0.0046865846514352666,"also":0.006444053895723492,"be":0.005272407732864675,"berry":0.0017574692442882249,"food":0.0035149384885764497,"crops":0.0017574692442882249,"they":0.0046865846514352666,"plant":0.0017574692442882249,"some":0.0017574692442882249,"color":0.0029291154071470417,"on":0.0046865846514352666,"but":0.0023432923257176333,"have":0.004100761570005858,"soft":0.0017574692442882249,"kg":0.0035149384885764497,"latin":0.0017574692442882249,"human":0.0046865846514352666,"not":0.0029291154071470417,"etc":0.005272407732864675,"that":0.0023432923257176333,"peach":0.0023432923257176333,"all":0.0017574692442882249,"their":0.0029291154071470417,"has":0.0029291154071470417,"been":0.0017574692442882249,"th":0.0017574692442882249,"form":0.0017574692442882249,"body":0.005858230814294083,"aging":0.0017574692442882249,"cook":0.0017574692442882249,"them":0.0017574692442882249,"you":0.0017574692442882249,"such":0.0023432923257176333,"c":0.0017574692442882249},"shortWordsMethodRu":{"банан":0.0027008777852802163,"":0.03308575286968265,"musa":0.004051316677920324,"и":0.06076975016880486,"а":0.007427413909520594,"также":0.010803511141120865,"могут":0.00337609723160027,"плоды":0.004051316677920324,"с":0.008102633355840648,"имеют":0.002025658338960162,"см":0.00337609723160027,"из":0.0054017555705604325,"до":0.0027008777852802163,"для":0.004726536124240378,"в":0.03781228899392303,"пищу":0.0027008777852802163,"по":0.006076975016880486,"их":0.006076975016880486,"виде":0.002025658338960162,"или":0.00675219446320054,"как":0.00337609723160027,"так":0.0027008777852802163,"цвет":0.002025658338960162,"от":0.00675219446320054,"сорта":0.0027008777852802163,"но":0.002025658338960162,"они":0.002025658338960162,"кг":0.004051316677920324,"на":0.008102633355840648,"слово":0.0027008777852802163,"груша":0.002025658338960162,"слова":0.002025658338960162,"это":0.0054017555705604325,"к":0.006076975016880486,"овощи":0.008777852802160702,"себе":0.002025658338960162,"цвета":0.002025658338960162,"др":0.004051316677920324,"ягоды":0.0027008777852802163,"не":0.004051316677920324,"более":0.002025658338960162,"того":0.002025658338960162,"лат":0.002025658338960162,"фрукт":0.0027008777852802163,"плод":0.004051316677920324},"alphabetMethodEn":{"a":0.08709138630398473,"n":0.0714626580768313,"p":0.025172989739918872,"l":0.03960868527797662,"e":0.12037699832975424,"i":0.07528036268193748,"s":0.06979241231209735,"j":0.0010737294201861132,"u":0.03304700548795037,"c":0.03805774278215223,"y":0.014077785731329038,"f":0.030183727034120734,"r":0.06669052732044858,"t":0.08410880458124552,"o":0.07086614173228346,"h":0.0381770460510618,"w":0.010498687664041995,"b":0.021474588403722263,"k":0.00513004056311143,"d":0.03519446432832259,"m":0.024695776664280602,"g":0.0217131949415414,"v":0.012765449773323789,"z":0.000954426151276545,"q":0.0005965163445478406},"alphabetMethodRu":{"б":0.016614629794826048,"а":0.0714763603925067,"н":0.05564228367528992,"з":0.014384478144513827,"в":0.05307760927743087,"и":0.07738626226583407,"е":0.0767172167707404,"с":0.05352363960749331,"ъ":0.0012265834076717217,"д":0.026761819803746655,"о":0.10715878679750224,"ы":0.021520963425512935,"х":0.013269402319357717,"п":0.024531668153434435,"л":0.041480820695807316,"к":0.03612845673505798,"у":0.02308206958073149,"ь":0.013715432649420161,"т":0.06289027653880463,"р":0.048840321141837645,"м":0.028880463871543263,"й":0.011931311329170384,"a":0.003233719892952721,"ч":0.012711864406779662,"ю":0.008697591436217662,"ж":0.008920606601248885,"я":0.0252007136485281,"г":0.015053523639607493,"щ":0.008920606601248885,"ф":0.006355932203389831,"ш":0.004906333630686887,"э":0.0023416592328278324,"ц":0.003456735057983943,"ё":0.0011150758251561106,"x":0.00033452274754683316,"j":0.00011150758251561107,"k":0.00022301516503122213}}